,横坐标x (m),纵坐标y (m),速度 (m/s)
龙头,,,
第1节龙身,,,
第2节龙身,,,
第3节龙身,,,
第4节龙身,,,
第5节龙身,,,
第6节龙身,,,
第7节龙身,,,
第8节龙身,,,
第9节龙身,,,
第10节龙身,,,
第11节龙身,,,
第12节龙身,,,
第13节龙身,,,
第14节龙身,,,
第15节龙身,,,
第16节龙身,,,
第17节龙身,,,
第18节龙身,,,
第19节龙身,,,
第20节龙身,,,
第21节龙身,,,
第22节龙身,,,
第23节龙身,,,
第24节龙身,,,
第25节龙身,,,
第26节龙身,,,
第27节龙身,,,
第28节龙身,,,
第29节龙身,,,
第30节龙身,,,
第31节龙身,,,
第32节龙身,,,
第33节龙身,,,
第34节龙身,,,
第35节龙身,,,
第36节龙身,,,
第37节龙身,,,
第38节龙身,,,
第39节龙身,,,
第40节龙身,,,
第41节龙身,,,
第42节龙身,,,
第43节龙身,,,
第44节龙身,,,
第45节龙身,,,
第46节龙身,,,
第47节龙身,,,
第48节龙身,,,
第49节龙身,,,
第50节龙身,,,
第51节龙身,,,
第52节龙身,,,
第53节龙身,,,
第54节龙身,,,
第55节龙身,,,
第56节龙身,,,
第57节龙身,,,
第58节龙身,,,
第59节龙身,,,
第60节龙身,,,
第61节龙身,,,
第62节龙身,,,
第63节龙身,,,
第64节龙身,,,
第65节龙身,,,
第66节龙身,,,
第67节龙身,,,
第68节龙身,,,
第69节龙身,,,
第70节龙身,,,
第71节龙身,,,
第72节龙身,,,
第73节龙身,,,
第74节龙身,,,
第75节龙身,,,
第76节龙身,,,
第77节龙身,,,
第78节龙身,,,
第79节龙身,,,
第80节龙身,,,
第81节龙身,,,
第82节龙身,,,
第83节龙身,,,
第84节龙身,,,
第85节龙身,,,
第86节龙身,,,
第87节龙身,,,
第88节龙身,,,
第89节龙身,,,
第90节龙身,,,
第91节龙身,,,
第92节龙身,,,
第93节龙身,,,
第94节龙身,,,
第95节龙身,,,
第96节龙身,,,
第97节龙身,,,
第98节龙身,,,
第99节龙身,,,
第100节龙身,,,
第101节龙身,,,
第102节龙身,,,
第103节龙身,,,
第104节龙身,,,
第105节龙身,,,
第106节龙身,,,
第107节龙身,,,
第108节龙身,,,
第109节龙身,,,
第110节龙身,,,
第111节龙身,,,
第112节龙身,,,
第113节龙身,,,
第114节龙身,,,
第115节龙身,,,
第116节龙身,,,
第117节龙身,,,
第118节龙身,,,
第119节龙身,,,
第120节龙身,,,
第121节龙身,,,
第122节龙身,,,
第123节龙身,,,
第124节龙身,,,
第125节龙身,,,
第126节龙身,,,
第127节龙身,,,
第128节龙身,,,
第129节龙身,,,
第130节龙身,,,
第131节龙身,,,
第132节龙身,,,
第133节龙身,,,
第134节龙身,,,
第135节龙身,,,
第136节龙身,,,
第137节龙身,,,
第138节龙身,,,
第139节龙身,,,
第140节龙身,,,
第141节龙身,,,
第142节龙身,,,
第143节龙身,,,
第144节龙身,,,
第145节龙身,,,
第146节龙身,,,
第147节龙身,,,
第148节龙身,,,
第149节龙身,,,
第150节龙身,,,
第151节龙身,,,
第152节龙身,,,
第153节龙身,,,
第154节龙身,,,
第155节龙身,,,
第156节龙身,,,
第157节龙身,,,
第158节龙身,,,
第159节龙身,,,
第160节龙身,,,
第161节龙身,,,
第162节龙身,,,
第163节龙身,,,
第164节龙身,,,
第165节龙身,,,
第166节龙身,,,
第167节龙身,,,
第168节龙身,,,
第169节龙身,,,
第170节龙身,,,
第171节龙身,,,
第172节龙身,,,
第173节龙身,,,
第174节龙身,,,
第175节龙身,,,
第176节龙身,,,
第177节龙身,,,
第178节龙身,,,
第179节龙身,,,
第180节龙身,,,
第181节龙身,,,
第182节龙身,,,
第183节龙身,,,
第184节龙身,,,
第185节龙身,,,
第186节龙身,,,
第187节龙身,,,
第188节龙身,,,
第189节龙身,,,
第190节龙身,,,
第191节龙身,,,
第192节龙身,,,
第193节龙身,,,
第194节龙身,,,
第195节龙身,,,
第196节龙身,,,
第197节龙身,,,
第198节龙身,,,
第199节龙身,,,
第200节龙身,,,
第201节龙身,,,
第202节龙身,,,
第203节龙身,,,
第204节龙身,,,
第205节龙身,,,
第206节龙身,,,
第207节龙身,,,
第208节龙身,,,
第209节龙身,,,
第210节龙身,,,
第211节龙身,,,
第212节龙身,,,
第213节龙身,,,
第214节龙身,,,
第215节龙身,,,
第216节龙身,,,
第217节龙身,,,
第218节龙身,,,
第219节龙身,,,
第220节龙身,,,
第221节龙身,,,
龙尾,,,
龙尾（后）,,,
